Relative Socio-Economic Disadvantage Quintile,"Death rate per 100,000 resident population",Deaths
1,40.65280523951057,648
2,31.274544838021363,356
3,31.170961583593634,338
4,24.886476312331716,324
5,19.30128108638614,230
