Relative Socio-Economic Disadvantage Quintile,"Death rate per 100,000 resident population",Deaths
1,40.50167824021984,603
2,32.11055330630873,331
3,31.20034352311033,315
4,25.841783564870344,312
5,19.049492798919488,225
